frame,nose_x,nose_y,left_shoulder_x,left_shoulder_y,right_shoulder_x,right_shoulder_y,left_elbow_x,left_elbow_y,right_elbow_x,right_elbow_y,left_wrist_x,left_wrist_y,right_wrist_x,right_wrist_y,left_hip_x,left_hip_y,right_hip_x,right_hip_y,left_knee_x,left_knee_y,right_knee_x,right_knee_y,left_ankle_x,left_ankle_y,right_ankle_x,right_ankle_y
0,361.14,61.15,441.53,163.93,264.43,164.51,462.23,298.37,237.73,308.2,460.52,435.94,241.6,454.32,420.72,447.71,297.99,448.95,-1,-1,-1,-1,-1,-1,-1,-1
1,362.06,61.46,444.25,166.81,265.61,163.93,467.44,302.95,235.66,303.75,470.54,441.88,250.79,447.19,420.23,453.58,297.84,454.37,-1,-1,-1,-1,-1,-1,-1,-1
2,371.17,68.68,447.58,171.25,280.24,167.73,469.97,298.87,247.66,298.0,478.63,430.88,256.42,426.28,426.94,441.83,310.09,442.3,-1,-1,-1,-1,-1,-1,-1,-1
3,374.64,71.43,448.86,171.26,285.27,169.41,470.91,296.36,252.25,299.75,483.24,422.9,258.37,426.76,426.66,436.56,312.73,437.79,-1,-1,-1,-1,-1,-1,-1,-1
4,377.62,72.32,451.79,171.05,288.8,172.6,473.32,293.45,257.74,301.27,484.97,417.08,259.87,421.39,432.02,431.21,318.26,433.86,-1,-1,-1,-1,-1,-1,-1,-1
5,379.86,74.94,454.39,172.27,291.01,173.77,475.49,292.42,260.53,302.87,484.67,414.11,262.48,425.45,432.46,431.29,318.3,433.65,-1,-1,-1,-1,-1,-1,-1,-1
6,383.41,77.26,456.75,174.07,295.65,175.98,478.66,291.13,267.58,300.59,486.52,412.85,263.4,420.42,433.16,423.56,320.09,425.41,-1,-1,-1,-1,-1,-1,-1,-1
7,387.56,80.3,459.56,173.93,299.27,173.03,481.52,295.67,273.31,295.74,488.61,416.35,272.44,406.78,429.24,415.32,319.4,414.99,-1,-1,-1,-1,-1,-1,-1,-1
8,391.44,85.43,464.1,177.45,307.22,174.44,484.42,295.72,278.78,293.02,492.56,415.09,284.37,400.13,435.77,412.52,329.72,411.95,-1,-1,-1,-1,-1,-1,-1,-1
9,395.33,85.65,465.18,178.98,310.97,175.52,485.66,295.21,281.75,292.73,495.91,413.53,288.53,395.24,439.99,408.04,335.47,408.19,-1,-1,-1,-1,-1,-1,-1,-1
10,396.33,87.97,467.82,179.82,313.27,177.4,483.18,295.81,283.31,293.93,492.28,407.28,289.29,398.71,445.85,410.26,340.55,411.22,-1,-1,-1,-1,-1,-1,-1,-1
11,398.85,89.54,466.55,178.78,316.29,175.17,484.96,294.68,286.48,289.89,494.8,407.09,293.44,395.89,439.18,401.76,339.57,401.47,-1,-1,-1,-1,-1,-1,-1,-1
12,399.43,90.87,467.93,177.73,317.54,173.56,486.13,293.49,289.13,287.44,493.38,401.96,296.77,392.25,440.81,404.17,340.59,403.52,-1,-1,-1,-1,-1,-1,-1,-1
13,400.44,91.37,468.49,177.58,318.71,174.49,487.03,291.63,293.03,288.54,491.35,397.48,298.69,392.11,441.35,406.98,341.66,406.47,-1,-1,-1,-1,-1,-1,-1,-1
14,401.35,91.64,468.2,176.77,319.41,174.15,488.04,289.91,294.12,287.06,489.98,397.83,301.17,390.22,441.45,405.95,341.79,405.75,-1,-1,-1,-1,-1,-1,-1,-1
15,401.69,92.03,467.74,176.5,320.94,172.99,486.51,289.66,295.23,283.95,489.33,393.02,300.38,386.87,441.19,399.47,343.36,398.84,-1,-1,-1,-1,-1,-1,-1,-1
16,401.8,92.82,467.55,176.43,320.74,172.87,484.65,288.62,294.49,282.61,487.01,392.8,299.77,383.36,439.79,399.23,342.21,398.5,-1,-1,-1,-1,-1,-1,-1,-1
17,400.93,93.25,466.27,177.07,320.7,172.51,482.77,288.17,294.56,282.16,487.31,391.2,300.09,382.66,439.06,397.66,342.55,396.52,-1,-1,-1,-1,-1,-1,-1,-1
18,400.36,94.37,466.54,179.01,321.55,173.89,478.87,288.77,293.99,279.97,486.75,391.27,295.7,379.55,442.65,399.18,345.14,398.21,-1,-1,-1,-1,-1,-1,-1,-1
19,400.1,95.4,464.9,178.7,322.45,174.45,477.86,286.99,289.78,280.22,484.09,390.51,296.33,374.38,439.69,395.45,345.06,395.49,-1,-1,-1,-1,-1,-1,-1,-1
20,399.89,95.37,463.55,180.63,320.66,176.44,479.09,286.94,292.27,279.8,482.52,388.59,296.16,383.26,436.19,395.28,341.24,394.15,-1,-1,-1,-1,-1,-1,-1,-1
21,397.19,96.64,460.81,180.19,320.13,175.96,468.73,285.71,292.07,276.2,480.27,383.84,295.14,378.67,435.32,385.85,341.48,385.23,-1,-1,-1,-1,-1,-1,-1,-1
22,395.99,96.22,457.42,179.7,318.16,176.35,465.26,283.74,290.97,276.39,477.37,380.27,292.54,378.98,433.68,385.23,340.69,385.1,-1,-1,-1,-1,-1,-1,-1,-1
23,391.96,97.8,454.05,182.6,315.94,177.59,463.8,285.89,289.08,276.42,477.08,380.38,290.68,378.58,429.33,387.0,336.92,385.83,-1,-1,-1,-1,-1,-1,-1,-1
24,389.82,99.68,451.11,181.77,315.23,177.77,462.64,288.31,286.92,277.87,469.92,377.34,288.63,374.86,428.17,384.69,338.03,384.5,-1,-1,-1,-1,-1,-1,-1,-1
25,386.78,101.28,449.02,183.37,311.36,178.48,455.94,290.24,286.18,276.1,465.49,384.45,287.25,375.81,425.4,385.5,331.89,384.85,-1,-1,-1,-1,-1,-1,-1,-1
26,382.58,103.27,445.48,183.72,308.28,181.15,452.76,288.35,285.24,279.28,461.47,381.97,284.1,380.36,422.9,383.51,328.99,383.82,-1,-1,-1,-1,-1,-1,-1,-1
27,378.22,105.33,441.13,184.7,305.68,183.61,450.97,287.76,283.27,281.03,459.75,382.24,280.11,378.0,419.24,384.59,327.22,385.41,-1,-1,-1,-1,-1,-1,-1,-1
28,374.68,107.67,439.27,187.42,304.6,185.98,451.44,289.78,278.96,282.22,450.27,381.93,280.35,381.17,415.01,384.16,325.82,384.32,-1,-1,-1,-1,-1,-1,-1,-1
29,369.15,109.95,434.21,189.55,299.22,187.11,445.12,287.84,277.99,281.05,448.66,377.18,279.73,377.41,409.51,382.8,319.62,382.6,-1,-1,-1,-1,-1,-1,-1,-1
30,365.39,111.56,427.79,190.94,296.09,188.37,436.96,287.45,275.08,281.08,445.17,376.91,279.81,373.57,404.76,379.5,317.0,379.5,-1,-1,-1,-1,-1,-1,-1,-1
31,361.13,111.44,423.41,190.7,292.57,188.83,434.11,285.55,272.65,280.64,443.35,376.46,277.61,368.86,403.21,377.29,316.25,377.68,-1,-1,-1,-1,-1,-1,-1,-1
32,358.45,113.87,418.64,188.64,293.06,187.75,431.33,286.76,271.96,280.56,436.92,374.27,277.42,365.65,397.81,371.22,316.11,372.37,-1,-1,-1,-1,-1,-1,-1,-1
33,355.55,114.9,414.99,191.88,290.43,190.17,426.17,290.1,270.45,282.49,430.39,372.87,277.68,370.9,395.14,369.84,314.44,370.86,-1,-1,-1,-1,-1,-1,-1,-1
34,352.71,117.25,412.55,190.71,288.2,189.8,423.21,290.16,269.06,283.3,427.54,372.09,276.18,371.03,393.54,370.79,312.33,372.22,-1,-1,-1,-1,-1,-1,-1,-1
35,350.49,118.28,410.09,191.81,286.69,190.59,420.36,289.5,268.73,283.09,424.76,370.5,274.57,367.32,392.7,370.96,311.86,372.28,-1,-1,-1,-1,-1,-1,-1,-1
36,349.54,120.01,406.72,192.26,285.7,190.27,418.19,288.67,267.79,281.93,423.5,369.46,275.83,366.99,389.34,367.4,310.27,368.53,-1,-1,-1,-1,-1,-1,-1,-1
37,348.11,120.43,405.44,191.8,284.21,190.53,417.77,286.74,266.51,281.28,422.44,369.16,276.72,365.16,388.41,368.43,309.39,369.9,-1,-1,-1,-1,-1,-1,-1,-1
38,347.2,121.07,406.32,192.76,282.05,192.31,419.02,283.75,266.4,280.36,423.54,370.05,275.01,365.06,386.08,369.9,305.39,370.85,-1,-1,-1,-1,-1,-1,-1,-1
39,346.11,123.21,404.66,193.39,280.65,192.17,416.71,284.15,265.64,279.82,421.89,370.15,275.18,363.21,384.06,370.03,303.86,370.67,-1,-1,-1,-1,-1,-1,-1,-1
40,345.74,123.39,403.94,193.69,280.66,192.83,415.97,282.44,264.83,278.39,420.39,367.53,274.32,358.56,384.38,370.33,304.52,371.22,-1,-1,-1,-1,-1,-1,-1,-1
41,345.55,124.01,403.3,193.13,280.88,192.08,415.69,281.08,265.2,276.48,418.29,364.88,274.44,355.97,382.62,368.44,303.9,369.0,-1,-1,-1,-1,-1,-1,-1,-1
42,345.32,123.8,402.34,192.86,281.4,192.87,414.6,279.31,265.21,276.25,416.88,364.57,273.71,354.32,381.6,365.48,304.28,366.43,-1,-1,-1,-1,-1,-1,-1,-1
43,345.31,123.75,401.26,192.14,281.64,191.77,413.08,279.32,265.66,275.42,415.42,363.67,273.35,352.15,380.87,364.87,304.51,365.7,-1,-1,-1,-1,-1,-1,-1,-1
44,345.01,124.18,399.74,191.5,284.05,190.69,411.86,282.17,267.2,277.88,412.97,369.34,275.81,350.11,380.89,364.25,307.05,365.21,-1,-1,-1,-1,-1,-1,-1,-1
45,345.25,124.59,400.51,193.82,282.11,191.99,410.99,282.57,266.38,276.72,414.91,369.01,273.9,355.34,378.47,365.44,302.92,365.53,-1,-1,-1,-1,-1,-1,-1,-1
46,345.45,125.03,400.74,193.55,282.32,191.53,411.3,282.84,267.36,277.59,415.76,367.72,274.69,355.71,379.26,365.25,303.74,365.31,-1,-1,-1,-1,-1,-1,-1,-1
47,345.65,125.15,401.16,193.97,283.38,192.43,411.72,283.72,269.5,279.38,418.25,367.46,275.3,356.8,378.85,366.96,303.79,367.19,-1,-1,-1,-1,-1,-1,-1,-1
48,346.17,125.11,401.9,195.1,283.37,192.81,413.38,284.97,268.79,279.4,422.7,369.41,275.24,357.72,380.13,367.24,304.61,367.24,-1,-1,-1,-1,-1,-1,-1,-1
49,346.93,125.33,401.85,195.18,284.92,192.6,415.12,283.94,269.76,277.37,427.57,364.7,274.56,352.48,379.11,365.17,304.73,364.85,-1,-1,-1,-1,-1,-1,-1,-1
50,347.44,125.72,402.8,195.09,284.95,192.3,418.15,283.24,269.69,274.79,435.46,369.37,271.41,345.66,380.48,367.74,305.01,367.28,-1,-1,-1,-1,-1,-1,-1,-1
51,347.77,125.0,400.56,195.69,288.03,191.49,421.02,284.87,269.26,274.51,438.33,365.57,266.67,341.72,382.6,367.19,310.06,366.49,-1,-1,-1,-1,-1,-1,-1,-1
52,348.19,125.17,401.09,195.7,289.54,192.86,423.94,285.1,268.07,276.61,453.9,372.58,255.59,344.62,384.95,367.74,312.89,367.77,-1,-1,-1,-1,-1,-1,-1,-1
53,348.32,125.41,400.96,195.93,290.76,193.81,425.08,283.71,265.76,274.6,460.94,371.56,246.1,334.18,385.47,366.73,314.21,366.91,-1,-1,-1,-1,-1,-1,-1,-1
54,348.06,125.66,400.72,195.5,289.62,193.61,430.69,280.04,264.98,271.87,464.07,364.8,241.42,333.85,380.5,362.61,308.88,362.41,-1,-1,311.74,473.96,-1,-1,-1,-1
55,348.91,125.4,400.13,194.47,291.91,193.07,432.77,276.68,260.2,270.55,469.33,351.44,230.87,332.82,383.05,364.67,313.39,364.98,-1,-1,-1,-1,-1,-1,-1,-1
56,348.59,125.97,401.51,193.04,292.11,195.45,437.05,270.54,255.44,274.25,475.09,344.42,221.2,346.18,382.0,368.34,312.0,369.92,-1,-1,-1,-1,-1,-1,-1,-1
57,348.62,126.87,401.51,194.23,290.12,195.2,443.73,267.1,253.08,268.62,485.35,333.93,207.09,339.46,379.69,366.28,307.4,366.91,-1,-1,-1,-1,-1,-1,-1,-1
58,349.17,126.8,401.86,193.42,293.3,195.53,448.86,267.04,247.33,268.59,495.41,334.51,197.24,335.23,380.96,366.08,311.81,367.21,-1,-1,-1,-1,-1,-1,-1,-1
59,348.86,127.32,402.43,194.57,291.17,194.19,454.25,263.45,246.72,260.78,505.84,326.42,187.73,329.02,381.19,363.0,309.04,362.98,-1,-1,-1,-1,-1,-1,-1,-1
60,349.26,127.21,402.42,194.32,294.07,193.93,464.23,263.82,241.71,260.03,524.92,329.25,181.43,322.94,379.19,365.97,309.54,365.75,-1,-1,-1,-1,-1,-1,-1,-1
61,349.43,127.03,399.72,193.54,292.35,193.65,470.25,257.74,239.74,256.15,547.1,321.63,172.55,318.72,379.65,359.82,311.31,360.75,-1,-1,314.54,469.41,-1,-1,-1,-1
62,348.99,128.52,402.36,191.3,294.83,194.34,470.06,251.66,237.28,254.18,530.19,311.71,163.84,313.32,382.01,364.95,312.76,366.01,-1,-1,-1,-1,-1,-1,-1,-1
63,348.9,128.38,402.27,191.42,296.23,193.95,475.36,249.03,235.73,250.84,544.26,306.47,161.62,306.17,382.85,363.8,313.9,364.94,-1,-1,-1,-1,-1,-1,-1,-1
64,349.3,129.01,404.23,191.09,296.34,195.29,479.99,244.08,228.84,250.28,546.64,298.34,151.66,304.65,388.08,367.33,317.45,369.13,-1,-1,-1,-1,-1,-1,-1,-1
65,349.54,128.99,403.09,190.32,296.55,196.01,483.17,240.82,228.69,250.73,556.56,289.96,142.75,299.89,386.93,364.54,316.87,366.87,-1,-1,-1,-1,-1,-1,-1,-1
66,349.58,128.38,403.55,191.29,296.4,197.4,489.73,240.87,222.73,252.19,565.71,285.89,134.46,302.01,387.26,360.79,319.21,363.25,-1,-1,-1,-1,-1,-1,-1,-1
67,349.64,128.35,406.42,190.72,296.36,196.85,495.35,239.13,222.27,249.55,568.72,283.56,133.39,298.82,389.59,360.73,320.07,362.95,-1,-1,-1,-1,-1,-1,-1,-1
68,349.52,129.27,409.65,191.87,296.73,196.34,499.45,239.63,220.85,246.6,569.21,283.23,130.65,297.93,392.39,368.81,319.2,370.12,-1,-1,-1,-1,-1,-1,-1,-1
69,350.28,128.51,408.55,190.85,296.55,197.64,500.84,237.58,221.34,248.8,568.37,278.9,131.57,293.98,390.41,363.0,319.8,365.04,-1,-1,-1,-1,-1,-1,-1,-1
70,350.29,128.87,408.42,191.0,296.62,197.42,499.52,237.84,219.48,248.47,569.11,278.88,125.41,295.05,392.05,360.03,322.07,361.95,-1,-1,-1,-1,-1,-1,-1,-1
71,351.37,128.82,408.28,190.79,295.85,197.42,499.76,237.13,219.56,248.84,571.49,277.77,122.47,294.37,391.22,361.17,320.51,363.29,-1,-1,-1,-1,-1,-1,-1,-1
72,350.94,129.15,408.71,191.02,296.62,197.9,500.22,236.81,217.93,249.43,569.81,279.52,123.73,295.69,392.03,361.5,321.57,363.65,-1,-1,-1,-1,-1,-1,-1,-1
73,351.78,129.71,410.36,190.89,296.26,197.28,502.49,238.63,218.69,248.89,571.96,281.92,122.12,297.06,393.78,361.86,321.99,363.81,-1,-1,-1,-1,-1,-1,-1,-1
74,351.88,129.59,410.26,190.4,295.93,196.99,503.38,238.39,218.38,249.02,572.63,285.98,123.45,298.39,393.26,362.96,321.08,365.06,-1,-1,-1,-1,-1,-1,-1,-1
75,352.03,129.61,411.07,190.49,296.27,196.55,505.16,239.71,221.67,248.84,574.47,287.72,131.09,296.86,392.88,362.35,319.93,364.23,-1,-1,-1,-1,-1,-1,-1,-1
76,352.46,129.44,411.11,190.8,296.21,195.52,504.02,240.62,222.79,248.04,575.14,288.4,133.99,299.35,392.62,362.31,319.37,363.74,-1,-1,-1,-1,-1,-1,-1,-1
77,353.26,128.96,411.0,190.8,296.47,195.45,501.52,242.6,224.83,249.47,572.92,291.36,135.22,300.92,392.83,361.25,319.47,362.73,-1,-1,-1,-1,-1,-1,-1,-1
78,352.87,129.66,409.2,191.37,296.85,195.88,490.25,241.64,221.8,251.12,559.1,289.82,137.05,305.65,394.24,369.92,319.55,371.76,-1,-1,-1,-1,-1,-1,-1,-1
79,353.09,129.45,409.05,191.33,297.2,195.44,486.91,243.15,226.37,250.52,554.21,297.11,143.97,306.92,392.78,367.22,318.16,368.92,-1,-1,-1,-1,-1,-1,-1,-1
80,353.48,128.9,409.6,190.94,297.36,195.43,484.11,244.58,228.42,251.93,547.07,303.58,150.0,310.98,393.72,368.44,319.19,370.31,-1,-1,-1,-1,-1,-1,-1,-1
81,353.97,128.8,409.05,191.57,297.57,194.13,477.51,250.14,232.28,252.55,538.61,312.71,154.07,317.88,389.82,364.61,315.9,365.53,-1,-1,-1,-1,-1,-1,-1,-1
82,354.56,129.07,409.47,192.02,296.0,193.64,476.41,253.04,236.93,253.45,540.16,321.46,168.25,317.35,389.06,364.82,314.79,365.77,-1,-1,-1,-1,-1,-1,-1,-1
83,355.06,128.86,410.38,193.44,297.25,192.14,469.31,259.26,240.59,252.68,524.77,324.15,181.94,319.24,388.41,364.03,313.87,363.76,-1,-1,-1,-1,-1,-1,-1,-1
84,355.18,128.85,411.2,194.21,297.93,192.27,460.93,265.49,244.29,254.73,494.79,331.94,187.05,323.92,388.71,364.03,314.6,362.77,-1,-1,-1,-1,-1,-1,-1,-1
85,355.71,128.8,408.5,193.66,298.93,192.75,448.4,265.36,246.14,256.78,484.46,335.59,193.34,323.95,388.92,361.4,317.76,361.16,-1,-1,-1,-1,-1,-1,-1,-1
86,355.52,128.6,409.59,193.55,301.11,193.62,444.14,270.91,248.86,263.12,475.32,351.4,201.94,330.52,390.22,364.55,320.38,364.53,-1,-1,-1,-1,-1,-1,-1,-1
87,355.8,128.28,410.12,194.88,300.24,195.68,439.49,275.18,255.02,270.05,461.76,358.39,225.99,336.96,390.04,366.3,319.23,366.79,-1,-1,-1,-1,-1,-1,-1,-1
88,356.92,128.78,411.67,196.21,298.25,193.83,437.51,282.89,260.38,268.69,456.8,377.07,235.54,336.97,389.24,361.68,315.53,360.77,-1,-1,313.88,468.76,-1,-1,-1,-1
89,357.55,128.82,411.34,196.48,300.92,193.66,431.08,285.32,266.89,269.9,452.18,375.84,242.93,334.84,391.91,363.57,319.87,362.85,-1,-1,313.95,474.61,-1,-1,-1,-1
90,357.39,129.29,410.74,196.33,301.31,193.01,425.75,286.14,270.77,271.2,437.39,368.41,247.72,340.04,389.95,363.21,319.4,362.16,-1,-1,317.01,473.23,-1,-1,-1,-1
91,357.41,129.18,410.33,196.33,301.86,193.61,422.85,284.94,275.93,272.47,428.91,363.82,263.22,338.45,387.54,361.13,317.67,360.4,-1,-1,318.74,471.36,-1,-1,-1,-1
92,357.56,129.3,410.8,196.73,301.67,194.21,422.4,286.59,279.23,275.21,424.38,365.38,272.26,341.73,389.14,361.96,318.54,361.32,-1,-1,319.13,472.9,-1,-1,-1,-1
93,357.63,129.68,412.3,197.45,300.95,195.0,421.68,288.37,280.83,278.91,425.81,368.0,279.19,350.96,391.02,367.17,319.39,366.8,-1,-1,-1,-1,-1,-1,-1,-1
94,357.73,129.9,412.64,198.49,301.5,195.67,423.54,290.01,283.07,280.25,430.14,368.6,281.83,350.44,390.24,367.47,318.78,366.74,-1,-1,320.0,479.07,-1,-1,-1,-1
95,358.14,129.85,411.45,198.14,301.95,195.4,425.5,288.13,283.97,282.2,433.97,362.0,284.67,361.77,389.57,366.05,319.07,365.66,-1,-1,320.64,475.41,-1,-1,-1,-1
96,359.09,130.15,412.89,198.09,302.18,195.06,427.77,288.78,283.54,280.98,437.61,363.91,287.68,359.5,391.68,366.27,320.76,365.9,-1,-1,323.1,476.4,-1,-1,-1,-1
97,359.32,131.26,413.68,197.32,301.16,195.59,426.0,286.25,285.59,281.91,441.63,364.47,288.42,356.59,391.2,366.91,317.82,366.83,-1,-1,320.37,479.58,-1,-1,-1,-1
98,359.42,131.38,413.7,197.6,302.0,196.35,427.24,285.64,285.71,282.86,443.66,363.16,289.54,361.02,390.97,363.24,318.7,363.46,-1,-1,323.56,476.11,-1,-1,-1,-1
99,358.79,131.56,413.83,196.62,301.81,196.14,429.06,282.6,285.66,281.95,447.35,363.89,288.53,355.83,392.25,363.11,319.45,363.6,-1,-1,323.35,476.92,-1,-1,-1,-1
100,359.81,131.19,414.06,196.84,302.39,194.72,432.2,285.35,285.43,281.15,449.15,369.2,290.25,359.79,391.62,360.44,319.76,360.18,391.92,467.15,324.76,469.91,-1,-1,-1,-1
101,359.28,132.36,414.39,196.99,302.6,195.99,430.57,282.45,286.32,281.16,448.53,362.28,288.82,356.3,392.19,364.35,319.8,364.46,-1,-1,323.5,476.56,-1,-1,-1,-1
102,359.56,132.41,414.84,197.48,303.05,195.83,431.11,282.52,286.53,281.07,448.5,362.17,288.82,358.48,392.22,363.22,320.03,362.96,-1,-1,323.51,474.96,-1,-1,-1,-1
103,360.21,132.97,414.31,197.31,304.54,195.96,429.84,282.31,287.51,281.79,446.95,363.27,288.93,361.17,391.75,362.05,320.66,361.88,-1,-1,323.25,473.39,-1,-1,-1,-1
104,360.77,133.02,414.93,197.02,305.08,196.28,428.7,281.38,288.23,281.36,444.92,362.23,290.01,359.95,392.41,362.26,321.4,362.34,-1,-1,323.72,473.91,-1,-1,-1,-1
105,361.2,132.01,415.46,196.16,305.48,194.7,429.71,283.82,286.25,279.82,440.06,364.74,290.87,359.22,394.97,361.45,324.26,361.57,-1,-1,324.63,470.54,-1,-1,-1,-1
106,361.64,132.75,416.16,197.34,305.49,194.89,429.17,287.14,287.53,281.59,438.44,369.6,292.93,361.27,395.52,364.08,324.18,363.77,-1,-1,325.01,471.95,-1,-1,-1,-1
107,362.16,132.78,415.92,197.02,306.47,194.11,429.45,287.17,288.2,280.25,438.1,371.71,292.92,359.98,394.53,363.78,324.11,363.11,-1,-1,324.9,470.5,-1,-1,-1,-1
108,362.79,132.93,416.61,196.86,306.94,193.29,428.7,286.89,288.72,277.99,434.58,369.47,293.88,358.95,395.66,365.3,325.25,364.36,-1,-1,-1,-1,-1,-1,-1,-1
109,363.61,133.3,415.78,195.97,308.05,192.81,428.18,284.34,288.69,276.61,434.92,365.18,294.49,359.53,395.07,361.38,325.92,360.83,-1,-1,327.74,467.52,-1,-1,-1,-1
110,364.0,133.3,416.37,196.49,307.91,193.02,428.62,285.0,289.39,277.37,435.63,366.82,294.99,360.49,396.35,360.72,326.51,360.06,-1,-1,327.8,467.13,-1,-1,-1,-1
111,364.58,133.39,417.23,195.81,308.83,192.19,429.78,284.18,289.53,275.93,436.3,366.33,296.05,361.89,397.28,361.0,327.65,360.31,-1,-1,329.62,468.81,-1,-1,-1,-1
112,364.82,133.65,418.11,195.73,308.32,192.2,430.89,285.01,289.55,276.9,436.74,368.04,295.69,362.87,397.97,362.14,327.19,361.54,-1,-1,329.8,468.4,-1,-1,-1,-1
113,365.11,133.45,418.18,196.42,308.34,192.89,431.86,283.81,289.49,276.65,437.75,366.0,295.93,362.17,397.37,361.0,326.56,360.36,-1,-1,329.44,465.71,-1,-1,-1,-1
114,366.21,132.94,419.08,195.5,308.79,192.69,432.9,282.84,289.13,277.08,439.87,365.23,295.21,362.51,398.27,360.02,327.33,359.71,-1,-1,329.49,466.72,-1,-1,-1,-1
115,367.21,132.64,420.85,195.82,309.85,192.35,434.5,284.93,289.52,275.9,439.87,366.7,295.25,361.63,398.69,359.37,327.6,358.54,-1,-1,328.97,467.1,-1,-1,-1,-1
116,368.06,132.31,421.26,195.44,310.13,192.56,434.4,284.14,289.96,275.16,440.17,366.38,294.29,358.31,399.33,360.75,327.58,360.32,-1,-1,329.71,468.43,-1,-1,-1,-1
117,368.81,132.15,421.55,194.81,310.68,192.81,435.07,283.48,290.07,275.91,440.48,366.59,294.07,359.08,399.75,359.12,328.19,359.03,-1,-1,329.76,466.84,-1,-1,-1,-1
118,368.65,132.01,422.88,195.69,310.91,192.26,436.35,285.47,290.19,274.73,441.05,368.07,293.43,353.76,399.32,359.99,327.24,359.14,-1,-1,330.84,464.8,-1,-1,-1,-1
119,369.29,130.67,423.97,195.38,311.34,192.25,436.09,285.27,290.34,274.5,441.15,367.6,292.9,354.89,399.59,361.92,327.22,361.23,-1,-1,331.48,468.92,-1,-1,-1,-1
120,370.12,130.95,424.7,195.31,312.26,192.43,436.85,286.05,290.29,274.61,441.34,370.37,293.2,353.57,400.26,360.92,328.05,360.25,-1,-1,331.37,469.24,-1,-1,-1,-1
121,371.14,129.87,425.62,195.82,312.55,192.69,436.87,286.84,290.16,275.21,441.68,371.65,292.69,357.09,401.61,362.99,329.15,362.35,-1,-1,333.87,472.09,-1,-1,-1,-1
122,371.52,130.24,426.71,195.26,312.88,192.35,438.17,286.68,290.26,276.35,441.22,368.73,291.93,361.81,401.01,365.86,328.01,365.21,-1,-1,332.95,475.36,-1,-1,-1,-1
123,372.38,130.13,426.78,195.09,313.12,192.94,439.48,285.49,290.56,276.31,443.68,370.99,291.94,361.91,401.55,363.08,328.83,362.82,-1,-1,334.96,472.47,-1,-1,-1,-1
124,372.47,130.95,427.89,195.12,313.99,193.83,438.38,284.32,291.95,278.01,446.15,370.35,292.41,365.74,401.19,366.82,327.88,366.67,-1,-1,334.81,479.61,-1,-1,-1,-1
125,372.93,130.78,428.39,195.39,314.0,194.65,439.13,284.5,292.18,280.25,446.65,369.36,292.55,369.61,401.29,369.24,327.66,369.24,-1,-1,333.46,480.0,-1,-1,-1,-1
126,373.76,130.34,429.56,195.05,314.34,194.2,440.2,285.93,291.79,280.4,449.15,372.22,291.98,370.65,403.59,370.8,328.98,371.0,-1,-1,334.36,480.0,-1,-1,-1,-1
127,373.96,129.6,430.74,195.16,314.08,193.71,441.8,287.38,291.56,280.49,451.24,374.6,291.36,371.06,405.56,372.59,329.89,372.54,-1,-1,-1,-1,-1,-1,-1,-1
128,374.78,126.91,429.79,195.78,313.86,193.17,443.35,288.89,291.7,281.21,448.92,378.67,290.03,370.65,404.05,369.97,329.29,369.13,-1,-1,335.29,480.0,-1,-1,-1,-1
129,374.35,126.18,431.02,195.66,313.33,194.05,444.37,288.97,290.5,283.04,449.41,376.12,289.45,373.21,404.43,369.43,329.03,369.07,-1,-1,336.58,479.43,-1,-1,-1,-1
130,374.24,126.0,430.66,194.39,310.74,193.32,442.52,286.23,288.53,281.79,450.46,368.99,287.27,368.34,403.93,372.22,326.8,372.14,-1,-1,330.99,480.0,-1,-1,-1,-1
131,373.51,125.9,431.01,194.82,310.15,193.22,442.58,287.6,286.79,282.51,451.06,371.54,283.25,371.41,404.18,375.11,326.05,374.77,-1,-1,-1,-1,-1,-1,-1,-1
132,373.07,125.12,430.8,194.47,309.23,192.43,442.49,287.1,285.43,281.6,450.66,372.3,278.54,369.56,404.57,374.64,326.04,374.02,-1,-1,-1,-1,-1,-1,-1,-1
133,373.06,124.02,431.85,194.23,308.37,191.44,444.31,287.4,284.13,279.54,452.0,373.37,275.85,364.53,405.02,374.11,324.32,373.01,-1,-1,-1,-1,-1,-1,-1,-1
134,372.33,123.27,432.64,194.17,307.31,190.93,444.8,288.62,283.13,280.31,453.72,375.93,273.48,371.1,405.66,376.38,322.69,375.22,-1,-1,-1,-1,-1,-1,-1,-1
135,372.12,121.16,432.42,193.58,305.26,189.71,444.15,287.98,280.25,278.32,453.57,377.39,270.51,373.24,404.32,377.55,319.5,376.11,-1,-1,-1,-1,-1,-1,-1,-1
136,371.62,119.74,432.37,192.78,303.82,189.17,446.05,292.31,274.89,280.66,452.54,385.58,263.96,376.3,402.22,379.24,317.28,378.03,-1,-1,-1,-1,-1,-1,-1,-1
137,370.32,118.6,430.03,191.02,300.24,188.84,444.06,292.16,270.25,285.28,450.01,385.29,261.92,380.42,400.91,383.88,314.09,383.36,-1,-1,-1,-1,-1,-1,-1,-1
138,368.45,117.55,429.01,191.43,296.37,188.99,440.38,290.83,264.74,286.01,452.42,382.69,254.51,381.61,401.65,387.67,311.72,387.46,-1,-1,-1,-1,-1,-1,-1,-1
139,365.23,112.8,429.84,189.11,294.22,187.47,443.36,292.63,261.16,286.22,449.4,390.31,250.3,383.61,397.81,386.95,307.69,386.31,-1,-1,-1,-1,-1,-1,-1,-1
140,362.07,109.93,425.53,189.36,290.9,188.86,439.95,290.67,256.17,291.44,450.0,386.2,239.96,389.85,398.5,386.91,307.78,386.88,-1,-1,-1,-1,-1,-1,-1,-1
141,360.43,106.24,425.58,187.99,290.33,187.1,437.68,290.5,253.67,287.86,447.92,384.17,240.84,388.73,396.49,392.44,304.02,391.87,-1,-1,-1,-1,-1,-1,-1,-1
142,358.9,103.9,423.42,188.5,286.57,186.96,435.54,293.8,250.64,291.02,447.02,389.96,236.11,392.85,395.66,392.96,302.08,392.48,-1,-1,-1,-1,-1,-1,-1,-1
143,358.44,99.54,424.33,188.72,282.64,188.32,437.21,298.42,247.91,296.3,442.75,396.39,229.39,400.03,392.22,397.09,297.39,396.64,-1,-1,-1,-1,-1,-1,-1,-1
144,356.78,99.56,424.08,185.31,282.26,183.87,435.8,301.12,245.33,295.93,440.43,401.02,223.13,405.85,394.23,406.12,299.16,405.4,-1,-1,-1,-1,-1,-1,-1,-1
145,355.76,96.29,424.73,185.78,276.48,184.65,435.57,303.63,236.21,300.36,438.42,405.11,221.3,406.8,393.19,411.07,292.57,410.29,-1,-1,-1,-1,-1,-1,-1,-1
146,355.36,93.51,424.26,184.7,273.59,183.26,436.54,305.4,232.98,301.09,436.47,412.5,217.77,408.57,392.93,414.86,290.09,413.85,-1,-1,-1,-1,-1,-1,-1,-1
147,355.69,90.37,423.94,183.32,270.52,180.82,436.36,306.06,229.07,300.36,436.87,415.14,216.81,409.08,393.68,416.75,289.56,416.01,-1,-1,-1,-1,-1,-1,-1,-1
148,355.56,86.21,424.49,180.51,270.45,179.11,437.17,304.35,227.49,300.76,437.63,416.12,214.82,409.86,391.04,415.43,285.99,414.7,-1,-1,-1,-1,-1,-1,-1,-1
149,355.7,83.09,425.29,179.41,269.15,176.39,435.81,305.09,225.75,299.77,437.51,418.47,213.47,412.16,389.93,420.12,283.41,418.36,-1,-1,-1,-1,-1,-1,-1,-1
150,356.07,79.08,427.87,176.63,268.06,175.46,440.31,302.02,223.86,301.9,438.38,413.28,213.29,418.29,390.7,420.46,282.26,419.42,-1,-1,-1,-1,-1,-1,-1,-1
151,356.8,76.39,428.18,175.35,268.87,175.68,442.71,301.24,223.39,304.3,444.48,407.63,214.62,423.06,395.8,418.13,286.36,418.9,-1,-1,-1,-1,-1,-1,-1,-1
152,359.35,72.96,430.16,173.1,270.15,173.55,446.97,300.23,220.66,305.03,449.37,403.25,212.6,425.49,399.95,421.17,287.29,423.0,-1,-1,-1,-1,-1,-1,-1,-1
153,361.32,68.96,434.05,173.6,271.11,172.65,452.11,300.68,220.64,306.92,456.52,405.53,211.39,432.49,406.18,428.25,290.48,428.6,-1,-1,-1,-1,-1,-1,-1,-1
154,364.28,66.07,437.83,171.18,272.56,169.96,456.84,303.32,221.14,311.13,455.82,406.24,206.31,448.94,411.63,431.09,293.52,431.15,-1,-1,-1,-1,-1,-1,-1,-1
155,366.88,62.26,444.74,169.44,273.61,167.91,464.0,304.85,222.33,311.37,461.44,410.8,203.52,455.48,419.57,438.6,298.19,438.62,-1,-1,-1,-1,-1,-1,-1,-1
156,370.87,56.08,449.93,166.37,275.7,165.78,472.42,303.14,225.37,305.96,475.44,413.56,211.01,434.28,420.27,439.31,298.37,440.79,-1,-1,-1,-1,-1,-1,-1,-1
157,373.07,50.33,457.86,163.78,278.44,162.57,481.62,304.16,227.58,306.62,474.94,417.68,209.31,442.87,423.38,442.94,297.89,443.24,-1,-1,-1,-1,-1,-1,-1,-1
158,380.29,42.5,463.4,160.35,277.96,158.07,487.9,304.73,229.01,303.85,480.25,418.84,213.92,447.12,432.4,449.12,304.32,448.72,-1,-1,-1,-1,-1,-1,-1,-1
159,383.28,34.19,471.6,159.8,279.36,159.1,500.64,303.26,230.83,306.17,492.4,425.92,207.42,453.91,437.09,454.47,304.46,454.01,-1,-1,-1,-1,-1,-1,-1,-1
160,385.78,27.18,476.35,154.44,277.28,157.56,508.21,296.02,229.85,313.91,506.04,427.59,205.61,467.9,440.68,453.87,301.46,455.17,-1,-1,-1,-1,-1,-1,-1,-1
161,390.29,20.54,484.28,153.22,276.74,158.3,509.8,298.16,229.88,322.74,512.48,427.6,204.37,473.06,452.74,451.09,306.6,453.54,-1,-1,-1,-1,-1,-1,-1,-1
162,393.74,17.25,493.34,152.17,279.55,159.65,519.12,302.12,230.41,328.49,518.65,434.0,201.98,479.51,465.09,452.53,314.62,455.71,-1,-1,-1,-1,-1,-1,-1,-1
163,396.73,11.47,499.53,150.71,280.53,158.41,528.93,304.41,230.55,328.61,537.23,440.54,201.66,480.0,472.34,447.15,320.89,449.99,-1,-1,-1,-1,-1,-1,-1,-1
164,399.67,6.56,507.85,145.05,282.06,157.37,538.63,305.1,231.37,334.0,542.56,446.59,205.77,480.0,485.02,449.04,328.69,453.8,-1,-1,-1,-1,-1,-1,-1,-1
165,404.14,3.87,512.7,143.56,283.49,155.38,547.49,311.29,231.13,339.31,544.29,446.66,202.11,480.0,488.7,454.06,332.19,457.58,-1,-1,-1,-1,-1,-1,-1,-1
166,403.73,4.38,518.75,145.0,280.67,155.42,553.25,321.17,229.13,345.41,564.17,454.85,202.93,480.0,-1,-1,330.87,460.74,-1,-1,-1,-1,-1,-1,-1,-1
167,410.39,10.46,516.67,136.83,282.07,148.66,553.9,316.86,231.76,345.72,563.61,460.41,213.91,478.92,496.48,456.82,337.07,463.3,-1,-1,-1,-1,-1,-1,-1,-1
168,411.42,5.68,527.04,139.19,281.81,147.92,559.79,331.12,232.27,350.63,573.89,463.57,214.55,477.34,-1,-1,-1,-1,-1,-1,-1,-1,-1,-1,-1,-1
169,411.49,10.2,531.27,137.47,283.66,145.69,569.72,324.28,232.77,344.18,580.37,454.91,215.79,473.56,-1,-1,336.48,464.69,-1,-1,-1,-1,-1,-1,-1,-1
170,418.9,3.7,533.38,136.8,284.57,140.91,574.29,330.54,234.81,340.99,588.43,460.99,214.42,473.79,-1,-1,338.49,462.9,-1,-1,-1,-1,-1,-1,-1,-1
171,415.3,7.62,535.97,136.43,283.93,139.67,577.98,331.67,233.09,337.87,587.59,463.97,213.23,473.28,505.95,463.19,338.61,464.54,-1,-1,-1,-1,-1,-1,-1,-1
172,421.09,10.39,536.08,131.71,286.14,135.58,581.93,322.44,232.52,328.94,579.9,465.81,208.25,466.45,503.3,460.56,336.55,461.77,-1,-1,-1,-1,-1,-1,-1,-1
173,423.74,1.71,543.48,132.97,280.37,140.22,593.87,320.03,227.9,334.66,584.9,463.42,208.46,476.72,506.28,460.09,328.3,462.74,-1,-1,-1,-1,-1,-1,-1,-1
174,422.53,1.3,545.25,134.57,277.04,142.31,595.33,327.98,225.41,341.67,589.15,470.4,212.35,479.85,507.4,459.89,326.23,462.99,-1,-1,-1,-1,-1,-1,-1,-1
175,422.43,1.45,546.82,137.52,276.23,140.54,591.42,340.05,226.24,342.12,596.57,473.33,214.33,474.63,-1,-1,322.58,468.35,-1,-1,-1,-1,-1,-1,-1,-1
176,428.09,17.7,543.4,143.09,284.38,138.79,580.5,346.66,229.91,337.89,581.63,472.83,212.8,470.19,-1,-1,332.15,463.32,-1,-1,-1,-1,-1,-1,-1,-1
177,425.15,15.29,547.8,143.77,282.93,138.63,579.87,351.15,229.2,342.32,583.44,473.16,213.48,471.54,-1,-1,324.24,465.1,-1,-1,-1,-1,-1,-1,-1,-1
178,425.36,17.03,550.22,147.79,282.81,140.45,579.97,359.29,229.05,345.95,580.43,471.36,217.6,467.34,-1,-1,320.95,465.59,-1,-1,-1,-1,-1,-1,-1,-1
179,430.66,12.96,553.26,148.93,281.93,141.17,582.85,366.45,228.53,351.53,576.61,475.86,217.39,475.05,-1,-1,319.98,467.46,-1,-1,-1,-1,-1,-1,-1,-1
180,429.57,12.43,557.56,150.51,281.73,138.96,580.59,378.08,228.42,354.76,578.38,471.52,216.43,474.38,-1,-1,-1,-1,-1,-1,-1,-1,-1,-1,-1,-1
181,434.81,8.76,557.94,147.08,279.06,139.93,583.01,373.18,228.31,359.42,-1,-1,214.18,475.22,-1,-1,-1,-1,-1,-1,-1,-1,-1,-1,-1,-1
182,432.46,6.27,560.67,149.27,275.98,141.67,583.0,379.11,226.36,362.96,-1,-1,216.26,473.11,-1,-1,-1,-1,-1,-1,-1,-1,-1,-1,-1,-1
183,435.06,6.24,561.11,151.27,276.41,142.68,583.18,378.65,226.37,361.63,-1,-1,214.77,473.68,-1,-1,-1,-1,-1,-1,-1,-1,-1,-1,-1,-1
184,431.71,8.34,560.91,152.35,275.84,144.36,582.38,377.7,226.82,362.73,-1,-1,215.28,473.91,-1,-1,-1,-1,-1,-1,-1,-1,-1,-1,-1,-1
185,430.99,7.42,563.16,154.66,273.04,146.06,581.85,381.32,224.02,364.93,-1,-1,214.09,472.37,-1,-1,-1,-1,-1,-1,-1,-1,-1,-1,-1,-1
186,431.56,9.92,562.96,151.88,274.54,143.79,581.95,383.06,225.67,367.17,-1,-1,214.71,475.42,-1,-1,-1,-1,-1,-1,-1,-1,-1,-1,-1,-1
187,428.79,11.08,562.2,154.87,275.14,145.38,584.37,386.96,226.03,367.82,-1,-1,208.94,475.13,-1,-1,-1,-1,-1,-1,-1,-1,-1,-1,-1,-1
188,425.3,6.44,562.35,153.79,273.51,144.52,586.11,387.54,222.66,367.51,-1,-1,209.65,472.59,-1,-1,-1,-1,-1,-1,-1,-1,-1,-1,-1,-1
189,424.97,9.17,557.58,152.09,276.25,140.31,581.44,384.83,223.54,362.29,572.52,475.63,214.63,473.86,-1,-1,-1,-1,-1,-1,-1,-1,-1,-1,-1,-1
190,425.59,9.88,557.88,153.23,272.57,141.37,577.72,391.07,223.0,367.4,-1,-1,214.23,474.06,-1,-1,-1,-1,-1,-1,-1,-1,-1,-1,-1,-1
191,426.05,11.11,553.7,149.03,271.02,139.27,580.63,384.03,221.74,365.73,-1,-1,213.99,470.31,-1,-1,-1,-1,-1,-1,-1,-1,-1,-1,-1,-1
192,425.27,8.51,551.66,144.65,270.31,135.84,579.15,375.93,221.77,361.9,-1,-1,210.93,477.17,-1,-1,-1,-1,-1,-1,-1,-1,-1,-1,-1,-1
193,424.05,9.04,550.01,146.26,272.01,137.85,576.98,376.02,220.22,359.92,-1,-1,209.51,474.08,-1,-1,-1,-1,-1,-1,-1,-1,-1,-1,-1,-1
194,426.56,8.02,548.66,144.42,269.44,137.93,577.46,371.01,219.51,359.48,-1,-1,209.8,475.02,-1,-1,-1,-1,-1,-1,-1,-1,-1,-1,-1,-1
195,419.2,7.78,550.36,144.99,270.61,137.6,577.28,374.45,219.84,360.05,-1,-1,212.85,472.67,-1,-1,-1,-1,-1,-1,-1,-1,-1,-1,-1,-1
